<?xml version="1.0"?>
<doc>
    <assembly>
        <name>Microsoft.WindowsAzure.Common.WindowsPhone</name>
    </assembly>
    <members>
        <member name="T:Microsoft.WindowsAzure.Common.Platform.TokenCloudCredentialsProvider">
            <summary>
            Cloud credentials provider for .NET Framework clients.
            </summary>
        </member>
        <member name="M:Microsoft.WindowsAzure.Common.Platform.TokenCloudCredentialsProvider.CreateCredentials(System.Collections.Generic.IDictionary{System.String,System.Object})">
            <summary>
            Creates a new credentials instance if the appropriate settings for
            this provider are present and valid.
            </summary>
            <param name="settings">Dictionary of configuration settings.</param>
            <returns>Returns a new instance if the provider supports the
            provided settings.</returns>
        </member>
        <member name="M:Microsoft.WindowsAzure.Common.Platform.CloudConfigurationProvider.RegisterDefaultCloudCredentialsProviders">
            <summary>
            Registers cloud configuration providers with the common runtime
            that require the .NET framework.
            </summary>
        </member>
    </members>
</doc>
