<?xml version='1.0' encoding='utf-8'?>
<widget id="io.cordova.helloCordova" version="2.0.0" xmlns="http://www.w3.org/ns/widgets">
    <name>Hello Cordova</name>
    <description>
        A sample Apache Cordova application that responds to the deviceready event.
    </description>
    <author email="dev@cordova.apache.org" href="http://cordova.io">
        Apache Cordova Team
    </author>
    <content src="index.html" />
    <feature name="App">
        <param name="android-package" value="org.apache.cordova.App" />
    </feature>
    <access origin="*" />
    <preference name="useBrowserHistory" value="true" />
    <preference name="exit-on-suspend" value="false" />
    <preference name="permissions" value="none" />
    <preference name="orientation" value="default" />
    <preference name="target-device" value="universal" />
    <preference name="fullscreen" value="true" />
    <preference name="webviewbounce" value="true" />
    <preference name="prerendered-icon" value="true" />
    <preference name="stay-in-webview" value="false" />
    <preference name="ios-statusbarstyle" value="black-opaque" />
    <preference name="detect-data-types" value="true" />
    <preference name="show-splash-screen-spinner" value="true" />
    <preference name="auto-hide-splash-screen" value="true" />
    <preference name="disable-cursor" value="false" />
    <preference name="android-minSdkVersion" value="7" />
    <preference name="android-installLocation" value="auto" />
    <feature name="InAppBrowser">
        <param name="android-package" value="org.apache.cordova.inappbrowser.InAppBrowser" />
    </feature>
</widget>
